{"cameraMode":{"drawMode":0,"name":"Shaded","section":"Shading Mode"},"sceneLighting":false,"audioPlay":false,"sceneViewState":{"m_AlwaysRefresh":false,"showFog":true,"showSkybox":false,"showFlares":true,"showImageEffects":true,"showParticleSystems":true,"showVisualEffectGraphs":true,"m_FxEnabled":true},"in2DMode":false,"pivot":{"x":17.559999465942384,"y":3.136077642440796,"z":-2.9934544563293459},"rotation":{"x":0.00500241294503212,"y":-0.15700681507587434,"z":0.016125304624438287,"w":-0.9878636002540588},"size":6.229368686676025,"orthographic":false}