{"cameraMode":{"drawMode":0,"name":"Shaded","section":"Shading Mode"},"sceneLighting":false,"audioPlay":false,"sceneViewState":{"m_AlwaysRefresh":false,"showFog":true,"showSkybox":false,"showFlares":true,"showImageEffects":true,"showParticleSystems":true,"showVisualEffectGraphs":true,"m_FxEnabled":true},"in2DMode":false,"pivot":{"x":-5.582681179046631,"y":7.352934837341309,"z":-26.913509368896486},"rotation":{"x":0.00500241294503212,"y":-0.15700681507587434,"z":0.016125304624438287,"w":-0.9878636002540588},"size":0.8660253882408142,"orthographic":false}