{"cameraMode":{"drawMode":0,"name":"Shaded","section":"Shading Mode"},"sceneLighting":false,"audioPlay":false,"sceneViewState":{"m_AlwaysRefresh":false,"showFog":true,"showSkybox":false,"showFlares":true,"showImageEffects":true,"showParticleSystems":true,"showVisualEffectGraphs":true,"m_FxEnabled":true},"in2DMode":false,"pivot":{"x":0.8244115114212036,"y":5.673742771148682,"z":0.12899291515350343},"rotation":{"x":-0.18249128758907319,"y":-0.3475317060947418,"z":0.08758774399757385,"w":-0.9160056710243225},"size":6.4410529136657719,"orthographic":false}